{"accuracy": [0.7672712206840515, 0.7702419757843018, 0.7708711624145508, 0.7711077928543091, 0.7710598707199097, 0.7718822956085205, 0.7726567983627319, 0.7711215019226074, 0.7792534828186035, 0.7833496928215027, 0.7866366505622864, 0.7894121408462524, 0.7914018630981445, 0.7929198145866394, 0.7948963642120361, 0.7961779236793518, 0.7973917722702026], "auc": [0.6326035261154175, 0.6480588912963867, 0.6538462042808533, 0.6553727388381958, 0.6564075946807861, 0.661345362663269, 0.6623328328132629, 0.6492582559585571, 0.6751783490180969, 0.6911246180534363, 0.7022830843925476, 0.7110503315925598, 0.7168782949447632, 0.7223057746887207, 0.7271940112113953, 0.7318025231361389, 0.7357299327850342], "loss": [0.48313218355178833, 0.4762360453605652, 0.47439685463905334, 0.4738427698612213, 0.47348758578300476, 0.47174155712127686, 0.4712679386138916, 0.47737544775009155, 0.4644964635372162, 0.4572155177593231, 0.45156729221343994, 0.44698622822761536, 0.443874716758728, 0.44048964977264404, 0.4374118745326996, 0.43465837836265564, 0.4323329031467438], "val_accuracy": [0.7326733469963074, 0.7277227640151978, 0.7297029495239258, 0.7306931018829346, 0.7316831350326538, 0.7346533536911011, 0.7346534132957458, 0.7356435656547546, 0.7455444931983948, 0.7574256658554077, 0.7584158182144165, 0.7603960037231445, 0.7623762488365173, 0.7683168053627014, 0.772277295589447, 0.7673267126083374, 0.7683168053627014], "val_auc": [0.787987232208252, 0.7913620471954346, 0.7890875935554504, 0.7902307510375977, 0.7872546911239624, 0.7913097143173218, 0.7859706282615662, 0.7891258001327515, 0.8055833578109741, 0.8148254156112671, 0.8212140202522278, 0.8302686810493469, 0.8342685699462891, 0.8380071520805359, 0.8426996469497681, 0.8435872793197632, 0.8457139730453491], "val_loss": [0.5669305324554443, 0.5669556856155396, 0.5610829591751099, 0.5595062375068665, 0.5544999241828918, 0.5551137924194336, 0.5625990033149719, 0.5353503227233887, 0.5268064737319946, 0.5212955474853516, 0.5177192091941833, 0.5152174234390259, 0.5110114216804504, 0.5093475580215454, 0.5076643824577332, 0.5052387714385986, 0.5051407217979431], "learning_rate": [0.0010000000474974513, 0.0010000000474974513, 0.0010000000474974513, 0.0010000000474974513, 0.0010000000474974513, 0.0005000000237487257, 0.0005000000237487257, 9.999999747378752e-06, 9.999999747378752e-06, 9.999999747378752e-06, 9.999999747378752e-06, 9.999999747378752e-06, 9.999999747378752e-06, 9.999999747378752e-06, 9.999999747378752e-06, 9.999999747378752e-06, 9.999999747378752e-06]}