{"accuracy": [0.7644414305686951, 0.7674114108085632, 0.7679198980331421, 0.7679859399795532, 0.7681712508201599, 0.7693691253662109, 0.7693580985069275, 0.7827798128128052, 0.797804594039917, 0.8032939434051514, 0.8065484762191772, 0.8084635734558105, 0.8101855516433716, 0.8118624687194824, 0.8125437498092651], "auc": [0.6184872388839722, 0.6337388157844543, 0.6386680006980896, 0.641390860080719, 0.6414681673049927, 0.6472896337509155, 0.6473336219787598, 0.6813324689865112, 0.7337093353271484, 0.7508553266525269, 0.7594914436340332, 0.764598548412323, 0.769523024559021, 0.7725662589073181, 0.774803638458252], "loss": [0.4884742200374603, 0.4819224774837494, 0.48026537895202637, 0.4793170988559723, 0.4795990586280823, 0.4775477647781372, 0.4772491157054901, 0.4620104134082794, 0.4331064522266388, 0.4221997559070587, 0.4160964787006378, 0.41292405128479004, 0.40938135981559753, 0.4065713584423065, 0.4050924479961395], "val_accuracy": [0.7267326712608337, 0.7316831946372986, 0.7297030091285706, 0.7326732873916626, 0.7366336584091187, 0.7326732873916626, 0.7366336584091187, 0.7702970504760742, 0.773267388343811, 0.774257481098175, 0.7821782827377319, 0.78910893201828, 0.7881188988685608, 0.7920792102813721, 0.7930693626403809], "val_auc": [0.7740974426269531, 0.7845889925956726, 0.7752630114555359, 0.7813734412193298, 0.7773105502128601, 0.7768157720565796, 0.7808257937431335, 0.8423183560371399, 0.8412775993347168, 0.8577068448066711, 0.8517670631408691, 0.8535658121109009, 0.856390655040741, 0.8555432558059692, 0.8574600219726562], "val_loss": [0.5733736753463745, 0.5642750263214111, 0.5522376894950867, 0.5645065307617188, 0.5628712773323059, 0.5688718557357788, 0.5609968304634094, 0.5014170408248901, 0.48845282196998596, 0.4914652407169342, 0.4670479893684387, 0.4887904226779938, 0.49034222960472107, 0.5133740901947021, 0.49649834632873535], "learning_rate": [0.0010000000474974513, 0.0010000000474974513, 0.0010000000474974513, 0.0010000000474974513, 0.0010000000474974513, 0.0005000000237487257, 0.0005000000237487257, 9.999999747378752e-06, 9.999999747378752e-06, 9.999999747378752e-06, 9.999999747378752e-06, 9.999999747378752e-06, 9.999999747378752e-06, 4.999999873689376e-06, 4.999999873689376e-06]}